{
  "Create Customers" : {
    "transaction" : "Create Customers",
    "sampleCount" : 25,
    "errorCount" : 0,
    "errorPct" : 0.0,
    "meanResTime" : 779.8799999999998,
    "medianResTime" : 616.0,
    "minResTime" : 534.0,
    "maxResTime" : 1500.0,
    "pct1ResTime" : 992.2,
    "pct2ResTime" : 1350.8999999999996,
    "pct3ResTime" : 1500.0,
    "throughput" : 11.704119850187267,
    "receivedKBytesPerSec" : 23.907493562734082,
    "sentKBytesPerSec" : 4.716851738061798
  },
  "Stripe API" : {
    "transaction" : "Stripe API",
    "sampleCount" : 50,
    "errorCount" : 0,
    "errorPct" : 0.0,
    "meanResTime" : 22250.22,
    "medianResTime" : 21953.5,
    "minResTime" : 13981.0,
    "maxResTime" : 35645.0,
    "pct1ResTime" : 28239.3,
    "pct2ResTime" : 31913.04999999998,
    "pct3ResTime" : 35645.0,
    "throughput" : 1.3768036127326797,
    "receivedKBytesPerSec" : 2555.6064088487165,
    "sentKBytesPerSec" : 0.1613441733671109
  },
  "create charge" : {
    "transaction" : "create charge",
    "sampleCount" : 12,
    "errorCount" : 0,
    "errorPct" : 0.0,
    "meanResTime" : 1181.0,
    "medianResTime" : 1193.0,
    "minResTime" : 962.0,
    "maxResTime" : 1442.0,
    "pct1ResTime" : 1408.1000000000001,
    "pct2ResTime" : 1442.0,
    "pct3ResTime" : 1442.0,
    "throughput" : 4.123711340206186,
    "receivedKBytesPerSec" : 19.370167525773194,
    "sentKBytesPerSec" : 1.6987489261168385
  },
  "Single Customer" : {
    "transaction" : "Single Customer",
    "sampleCount" : 25,
    "errorCount" : 0,
    "errorPct" : 0.0,
    "meanResTime" : 566.7199999999999,
    "medianResTime" : 736.0,
    "minResTime" : 344.0,
    "maxResTime" : 828.0,
    "pct1ResTime" : 767.0,
    "pct2ResTime" : 809.6999999999999,
    "pct3ResTime" : 828.0,
    "throughput" : 10.921799912625602,
    "receivedKBytesPerSec" : 21.16824008846658,
    "sentKBytesPerSec" : 3.487723214285714
  },
  "Total" : {
    "transaction" : "Total",
    "sampleCount" : 136,
    "errorCount" : 0,
    "errorPct" : 0.0,
    "meanResTime" : 8694.735294117647,
    "medianResTime" : 1051.0,
    "minResTime" : 344.0,
    "maxResTime" : 35645.0,
    "pct1ResTime" : 24346.9,
    "pct2ResTime" : 26760.750000000004,
    "pct3ResTime" : 35185.829999999994,
    "throughput" : 3.744905826632889,
    "receivedKBytesPerSec" : 2575.7624372693854,
    "sentKBytesPerSec" : 0.9928582615100782
  },
  "View Customers" : {
    "transaction" : "View Customers",
    "sampleCount" : 12,
    "errorCount" : 0,
    "errorPct" : 0.0,
    "meanResTime" : 697.75,
    "medianResTime" : 539.5,
    "minResTime" : 516.0,
    "maxResTime" : 1453.0,
    "pct1ResTime" : 1387.9000000000003,
    "pct2ResTime" : 1453.0,
    "pct3ResTime" : 1453.0,
    "throughput" : 5.342831700801425,
    "receivedKBytesPerSec" : 46.665860835930545,
    "sentKBytesPerSec" : 1.6070235975066784
  },
  "view charges" : {
    "transaction" : "view charges",
    "sampleCount" : 12,
    "errorCount" : 0,
    "errorPct" : 0.0,
    "meanResTime" : 1146.9166666666665,
    "medianResTime" : 1044.5,
    "minResTime" : 863.0,
    "maxResTime" : 1676.0,
    "pct1ResTime" : 1626.5000000000002,
    "pct2ResTime" : 1676.0,
    "pct3ResTime" : 1676.0,
    "throughput" : 3.6079374624173184,
    "receivedKBytesPerSec" : 141.69786812236921,
    "sentKBytesPerSec" : 1.0781531870114252
  }
}